,loss,accuracy,val_loss,val_accuracy
0,1.6038727760314941,0.3704761564731598,88.5630111694336,0.3048202693462372
